{
  "train": [
    2.7057113764715974,
    2.435717166447249,
    2.283481255906527,
    2.1428789857958184,
    2.0469031705230964,
    1.967101317937257,
    1.9043546406949152,
    1.84568589925766,
    1.7985059482152346,
    1.7566315697841957
  ],
  "val": [
    2.4958330052239552,
    2.342658485685076,
    2.168791277068002,
    2.092604296548026,
    2.0133769597326006,
    1.9589546748570033,
    1.9171249100140162,
    1.8628771134785242,
    1.844605258532933,
    1.80845673595156
  ]
}